time,U,S,P_Amp,P_Phi,D_P_AMP,D_P_Phi,Dphi
0.0,-0.269886,0.29255,6565.34,-0.274597,0.0,0.0,0.0
0.003125,-0.258058,0.272568,6468.56,-0.0144554,96.7798,0.260142,0.433818
0.00625,-0.224752,0.243769,5933.08,0.161801,535.48,0.176256,0.239699
0.009375,-0.234233,0.254849,6034.9,0.395587,101.82,0.233786,0.152507
0.0125,-0.242632,0.263012,6197.04,0.391807,162.14,0.00378001,0.11855
0.015625,-0.263895,0.287395,6386.33,0.373382,189.29,0.018425,0.113198
0.01875,-0.28593,0.308971,6710.87,0.394841,324.54,0.021459,0.128526
0.021875,-0.250238,0.276172,6259.37,0.277011,451.5,0.11783,0.140816
0.025,-0.261936,0.290833,6356.87,0.199105,97.5,0.077906,0.128855
0.028125,-0.277695,0.311098,6456.43,0.0577911,99.5601,0.141314,0.128219
0.03125,-0.265238,0.296279,6319.89,-0.07056,136.54,0.128351,0.197222
0.034375,-0.273514,0.307578,6375.94,-0.210262,56.0498,0.139702,0.132134
0.0375,-0.236518,0.264565,6081.42,-0.31207,294.52,0.101808,0.122936
0.040625,-0.23258,0.261002,6027.62,-0.426959,53.7998,0.114889,0.111764
0.04375,-0.224369,0.250898,5975.36,-0.497131,52.2603,0.070172,0.0926542
0.046875,-0.240727,0.266538,6234.99,-0.394526,259.63,0.102605,0.141192
0.05,-0.229848,0.252881,6168.0,-0.40014,66.9902,0.00561398,0.0983412
0.053125,-0.229606,0.253538,6156.87,-0.395727,11.1299,0.00441298,0.0986189
0.05625,-0.218882,0.242371,5980.83,-0.311144,176.04,0.084583,0.133467
0.059375,-0.234314,0.258041,6235.09,-0.236134,254.26,0.07501,0.130452
0.0625,-0.227897,0.251915,6145.24,0.072787,89.8496,0.308921,0.256045
0.065625,-0.228606,0.252863,6180.2,0.216911,34.96,0.144124,0.164447
0.06875,-0.221284,0.245187,6066.36,0.527031,113.84,0.31012,0.294985
0.071875,-0.247911,0.269216,6511.89,0.898716,445.53,0.371685,0.374034
0.075,-0.225916,0.244222,6289.99,1.29934,221.9,0.400624,0.419033
0.078125,-0.226285,0.246446,6221.65,1.48367,68.3403,0.18433,0.172542
0.08125,-0.233306,0.254959,6246.62,1.56317,24.9702,0.0795,0.141682
0.084375,-0.204977,0.219347,6075.71,1.61381,170.91,0.05064,0.142656
0.0875,-0.21383,0.22987,6188.39,1.55602,112.68,0.0577899,0.127482
0.090625,-0.209954,0.227279,6137.87,1.57581,50.52,0.0197899,0.120604
0.09375,-0.213648,0.234274,6117.02,1.56025,20.8501,0.0155599,0.121769
0.096875,-0.199444,0.22066,5948.77,1.57731,168.25,0.0170599,0.150806
0.1,-0.224076,0.252553,6188.85,1.52228,240.08,0.05503,0.128404
0.103125,-0.223843,0.255721,6135.44,1.58757,53.4102,0.06529,0.141872
0.10625,-0.226445,0.261379,6053.35,1.62843,82.0898,0.0408601,0.150282
0.109375,-0.218892,0.253687,5891.91,1.64353,161.44,0.0151,0.127334
0.1125,-0.220957,0.257313,5817.05,1.68027,74.8604,0.0367399,0.157911
0.115625,-0.215761,0.249685,5767.15,1.6941,49.8999,0.0138301,0.15697
0.11875,-0.226914,0.257387,5905.5,1.56904,138.35,0.12506,0.169705
0.121875,-0.21896,0.245892,5760.0,1.48004,145.5,0.089,0.25634
0.125,-0.242431,0.269311,6174.35,1.32316,414.35,0.15688,0.230801
0.128125,-0.243249,0.274123,6263.48,1.23303,89.1299,0.0901301,0.210124
0.13125,-0.230931,0.264769,6131.34,1.08249,132.14,0.15054,0.174249
0.134375,-0.205712,0.237108,5789.1,0.954089,342.24,0.128401,0.152791
0.1375,-0.218605,0.253097,5863.96,0.81258,74.8599,0.141509,0.138757
0.140625,-0.220199,0.250562,6007.9,0.759699,143.94,0.052881,0.136862
0.14375,-0.228001,0.258366,6128.52,0.762202,120.62,0.00250304,0.126595
0.146875,-0.222806,0.251428,6079.17,0.727302,49.3501,0.0349,0.143833
0.15,-0.217467,0.246141,6009.9,0.722799,69.27,0.00450301,0.128022
0.153125,-0.19842,0.222924,5863.45,0.740849,146.45,0.01805,0.139174
0.15625,-0.194958,0.218313,5847.79,0.714856,15.6602,0.025993,0.123952
0.159375,-0.198399,0.223236,5876.26,0.708328,28.4697,0.00652802,0.14093
0.1625,-0.172191,0.192468,5684.14,0.716621,192.12,0.00829297,0.135931
0.165625,-0.203318,0.231683,5915.34,0.736207,231.2,0.019586,0.165775
0.16875,-0.198226,0.22611,5887.4,0.735102,27.9399,0.00110501,0.126909
0.171875,-0.20154,0.228356,5985.11,0.706277,97.71,0.028825,0.126445
0.175,-0.210695,0.237939,6104.37,0.69739,119.26,0.00888699,0.140801
0.178125,-0.200753,0.223003,6079.79,0.697245,24.5801,0.000145018,0.136928
0.18125,-0.215367,0.237374,6232.75,0.701316,152.96,0.004071,0.120778
0.184375,-0.204402,0.2193,6223.66,0.709332,9.08984,0.00801599,0.141803
0.1875,-0.231271,0.25011,6414.93,0.695448,191.27,0.013884,0.13215
0.190625,-0.250552,0.273608,6578.32,0.694194,163.39,0.00125396,0.137123
0.19375,-0.278884,0.309571,6781.48,0.657105,203.16,0.037089,0.125485
0.196875,-0.29016,0.323917,6832.93,0.639899,51.4502,0.017206,0.113249
0.2,-0.275775,0.306946,6728.51,0.62922,104.42,0.010679,0.121178
0.203125,-0.259803,0.2877,6580.24,0.622702,148.27,0.00651801,0.11561
0.20625,-0.247725,0.273964,6436.42,0.591589,143.82,0.031113,0.109147
0.209375,-0.17481,0.190047,5891.06,1.57764,545.36,0.986051,0.711191
0.2125,-0.182706,0.209364,5625.46,1.41594,265.6,0.1617,0.431366
0.215625,-0.187585,0.21249,5737.63,1.37714,112.17,0.0388,0.137949
0.21875,-0.169698,0.18621,5674.78,1.34547,62.8501,0.0316701,0.121194
0.221875,-0.172485,0.186271,5764.06,1.35059,89.2803,0.00512004,0.127214
0.225,-0.18536,0.202288,5889.81,1.32746,125.75,0.0231299,0.165744
0.228125,-0.174381,0.187508,5882.37,1.33302,7.43994,0.00555992,0.12803
0.23125,-0.186277,0.202491,6035.42,1.32531,153.05,0.00770998,0.153497
0.234375,-0.190482,0.208902,6091.67,1.28829,56.25,0.03702,0.138169
0.2375,-0.207009,0.232429,6149.85,1.35844,58.1802,0.07015,0.139398
0.240625,-0.208997,0.234887,6180.38,1.34428,30.5298,0.01416,0.128475
0.24375,-0.21137,0.237263,6215.8,1.32231,35.4199,0.02197,0.125907
0.246875,-0.176086,0.194611,5922.19,1.27667,293.61,0.04564,0.126717
0.25,-0.164677,0.18106,5860.42,1.2788,61.77,0.00213003,0.106927
0.253125,-0.152673,0.165579,5738.54,1.2543,121.88,0.0245,0.110025
0.25625,-0.138784,0.15039,5546.51,1.27969,192.03,0.02539,0.116108
0.259375,-0.117179,0.123394,5360.99,1.31195,185.52,0.0322599,0.107607
0.2625,-0.132778,0.141114,5603.16,1.37005,242.17,0.0581,0.119683
0.265625,-0.132595,0.139122,5813.35,1.42365,210.19,0.0536001,0.128955
0.26875,-0.150885,0.156906,6171.58,1.44823,358.23,0.02458,0.150132
0.271875,-0.204848,0.221114,6482.47,1.53093,310.89,0.0827,0.448012
0.275,-0.176942,0.195975,5842.76,1.51093,639.71,0.0200001,0.598651
0.278125,-0.177067,0.191503,6123.74,1.10538,280.98,0.40555,0.78773
0.28125,-0.198647,0.227683,5967.54,1.07233,156.2,0.0330501,0.374498
0.284375,-0.204711,0.237811,5858.2,1.01392,109.34,0.05841,0.138752
0.2875,-0.203734,0.23848,5757.83,0.987712,100.37,0.0262079,0.131815
0.290625,-0.215852,0.253566,5828.43,0.955735,70.6001,0.031977,0.114333
0.29375,-0.231717,0.272984,5949.92,0.936772,121.49,0.018963,0.118945
0.296875,-0.228839,0.26741,5990.79,0.874668,40.8701,0.062104,0.153012
0.3,-0.253991,0.29811,6405.52,0.679013,414.73,0.195655,0.317485
0.303125,-0.220467,0.257099,6121.9,-0.43083,283.62,1.10984,1.47218
0.30625,-0.173239,0.194201,5729.85,-0.659387,392.05,0.228557,0.642614
0.309375,-0.168396,0.186647,5701.17,-0.647817,28.6802,0.01157,0.175407
0.3125,-0.155776,0.169763,5610.41,-0.637021,90.7598,0.010796,0.134174
0.315625,-0.174775,0.192011,5788.92,-0.585126,178.51,0.051895,0.126178
0.31875,-0.189884,0.209568,5892.55,-0.503201,103.63,0.081925,0.143817
0.321875,-0.210146,0.235422,5990.05,-0.45678,97.5,0.046421,0.132806
0.325,-0.205972,0.230201,5953.44,-0.428299,36.6099,0.028481,0.137682
0.328125,-0.227455,0.255071,6164.91,-0.44247,211.47,0.014171,0.146332
0.33125,-0.220607,0.245028,6126.62,-0.482761,38.29,0.040291,0.140947
0.334375,-0.213063,0.23526,6028.9,-0.509106,97.7202,0.026345,0.146102
0.3375,-0.213478,0.237841,5997.83,-0.540295,31.0698,0.031189,0.16554
0.340625,-0.213223,0.238497,5880.13,-0.570926,117.7,0.030631,0.197456
0.34375,-0.180188,0.198931,5650.67,-0.551563,229.46,0.019363,0.29247
0.346875,-0.19661,0.218473,5731.28,-0.461783,80.6099,0.08978,0.382514
0.35,-0.22206,0.250024,5964.86,-0.3302,233.58,0.131583,0.374299
0.353125,-0.246446,0.280513,6256.1,-0.379267,291.24,0.049067,0.214743
0.35625,-0.267133,0.305727,6409.66,-0.425645,153.56,0.046378,0.131212
0.359375,-0.259732,0.295203,6427.66,-0.495636,18.0,0.069991,0.125578
0.3625,-0.245567,0.277624,6300.99,-0.59853,126.67,0.102894,0.149287
0.365625,-0.233582,0.26404,6206.84,-0.803137,94.1504,0.204607,0.19789
0.36875,-0.266391,0.301156,6461.53,-0.101105,254.69,0.702032,0.653757
0.371875,-0.263339,0.299804,6416.28,-0.218049,45.25,0.116944,0.166841
0.375,-0.271092,0.309597,6472.35,-0.25852,56.0703,0.040471,0.151243
0.378125,-0.289258,0.331047,6616.5,-0.302908,144.15,0.044388,0.147405
0.38125,-0.26979,0.30667,6511.77,-0.316912,104.73,0.014004,0.14727
0.384375,-0.265823,0.29987,6544.25,-0.341379,32.48,0.024467,0.129874
0.3875,-0.269218,0.304942,6584.56,-0.40268,40.3101,0.061301,0.155149
0.390625,-0.249234,0.279476,6393.73,-0.466678,190.83,0.063998,0.149354
0.39375,-0.274572,0.311184,6558.94,-0.492765,165.21,0.026087,0.151835
0.396875,-0.241911,0.27142,6349.95,-0.515474,208.99,0.022709,0.170578
0.4,-0.2252,0.251414,6223.26,-0.570431,126.69,0.054957,0.155824
0.403125,-0.19154,0.209522,6040.63,-0.583804,182.63,0.013373,0.15192
0.40625,-0.18285,0.19875,6030.32,-0.622336,10.3101,0.038532,0.131194
0.409375,-0.158307,0.165762,5927.23,-0.660892,103.09,0.038556,0.149637
0.4125,-0.121959,0.117704,5736.91,-0.703546,190.32,0.042654,0.135515
0.415625,-0.112589,0.104768,5672.44,-0.758808,64.4702,0.055262,0.147835
0.41875,-0.135027,0.133905,5823.63,-0.802811,151.19,0.044003,0.145437
0.421875,-0.147463,0.148367,5891.73,-0.836977,68.1001,0.034166,0.151868
0.425,-0.165612,0.173062,5986.27,-0.880588,94.54,0.043611,0.159998
0.428126,-0.185619,0.197702,6152.48,-0.931753,166.21,0.051165,0.167468
0.431251,-0.201398,0.215296,6305.28,-1.00534,152.8,0.073587,0.164682
0.434376,-0.207795,0.222046,6375.82,-1.07045,70.54,0.06511,0.156993
0.437501,-0.202876,0.215031,6351.74,-1.12326,24.0796,0.0528101,0.143323
0.440626,-0.201164,0.213125,6349.78,-1.16878,1.96045,0.0455199,0.103507
0.443751,-0.223576,0.249017,6421.92,-1.17762,72.1401,0.00884008,0.454497
0.446876,-0.173247,0.192954,5826.28,-1.40536,595.64,0.22774,1.4052
0.450001,-0.209154,0.235075,6117.36,-1.53432,291.08,0.12896,0.367707
0.453126,-0.19679,0.220601,5972.04,-1.57742,145.32,0.0431,0.098978
0.456251,-0.180365,0.20098,5836.97,-1.63572,135.07,0.0583,0.113114
0.459376,-0.17079,0.189458,5759.81,-1.65534,77.1602,0.0196199,0.130476
0.462501,-0.199964,0.226222,6042.94,-1.66509,283.13,0.00975001,0.144266
0.465626,-0.181334,0.204547,5899.14,-1.69264,143.8,0.02755,0.172236
0.468751,-0.158005,0.178027,5625.89,-1.7531,273.25,0.0604601,0.160553
0.471876,-0.147906,0.165703,5529.2,-1.84298,96.6899,0.08988,0.159293
0.475001,-0.157801,0.178592,5589.18,-1.90654,59.98,0.06356,0.166728
0.478126,-0.172096,0.197031,5668.86,-2.00829,79.6797,0.10175,0.140178
0.481251,-0.13661,0.15245,5397.41,-2.10606,271.45,0.09777,0.192181
0.484376,-0.140074,0.157081,5361.41,-2.21307,36.0,0.10701,0.164571
0.487501,-0.13455,0.149228,5384.37,-2.31738,22.96,0.10431,0.177704
0.490626,-0.159223,0.180343,5693.12,-2.54856,308.75,0.23118,0.385633
0.493751,-0.142972,0.160121,5360.44,-2.3068,332.68,0.24176,0.467044
0.496876,-0.146347,0.163053,5433.29,-2.42232,72.8501,0.11552,0.15272
0.500001,-0.119809,0.129654,5290.2,-2.47409,143.09,0.0517702,0.16433
0.503126,-0.126621,0.141216,5316.42,-2.49563,26.2197,0.0215399,0.156231
0.506251,-0.135678,0.154515,5313.28,-2.51633,3.14014,0.0207,0.175098
0.509376,-0.15176,0.174899,5433.56,-2.53462,120.28,0.01829,0.177438
0.512501,-0.153989,0.176938,5481.35,-2.58026,47.79,0.04564,0.167386
0.515626,-0.155882,0.179603,5457.43,-2.58273,23.9199,0.00247002,0.18818
0.518751,-0.150501,0.173544,5382.8,-2.62459,74.6304,0.0418599,0.190358
0.521876,-0.159209,0.184298,5440.75,-2.64842,57.9502,0.0238302,0.17143
0.525001,-0.150633,0.172755,5424.25,-2.6424,16.5,0.00602007,0.224216
0.528126,-0.205481,0.24164,5589.43,-3.08459,165.18,0.44219,1.39172
0.531251,-0.24044,0.287681,5644.16,2.63557,54.73,0.563025,0.959016
0.534376,-0.254171,0.301268,6184.98,3.01838,540.82,0.38281,0.551349
0.537501,-0.255644,0.302297,6139.02,2.89653,45.96,0.12185,0.154682
0.540626,-0.258315,0.30701,6074.28,2.82413,64.7402,0.0723999,0.153718
0.543751,-0.266144,0.317328,6061.11,2.74568,13.1699,0.07845,0.159596
0.546876,-0.280654,0.335878,6164.63,2.67943,103.52,0.0662501,0.15849
0.550001,-0.265147,0.315695,6025.55,2.63697,139.08,0.04246,0.189861
0.553126,-0.267125,0.318124,6063.7,2.60551,38.1504,0.03146,0.158189
0.556251,-0.263498,0.312675,6054.17,2.54713,9.53027,0.0583799,0.199111
0.559376,-0.219887,0.256718,5719.56,2.49691,334.61,0.05022,0.205204
0.562501,-0.201666,0.233985,5583.78,2.42619,135.78,0.0707202,0.179748
0.565626,-0.187063,0.217438,5439.06,2.37023,144.72,0.0559599,0.19285
0.568751,-0.170198,0.196615,5321.65,2.30266,117.41,0.06757,0.16895
0.571876,-0.177598,0.204227,5459.35,2.21921,137.7,0.0834501,0.162334
0.575001,-0.138817,0.156937,5143.16,2.16655,316.19,0.05266,0.196353
0.578126,-0.13219,0.148291,5056.27,2.17176,86.8901,0.00521016,0.189528
0.581251,-0.0941389,0.0992947,4722.96,2.11115,333.31,0.0606101,0.175754
0.584376,-0.0638733,0.0617917,4438.53,2.06108,284.43,0.05007,0.168559
0.587501,-0.0695848,0.0688178,4517.06,1.99003,78.5303,0.0710499,0.165733
0.590626,-0.0731141,0.0746594,4456.47,1.95984,60.5898,0.03019,0.163287
0.593751,-0.101389,0.109968,4753.17,1.90762,296.7,0.0522201,0.150994
0.596876,-0.137148,0.152803,5078.04,1.8857,324.87,0.02192,0.142411
0.600001,-0.164873,0.186946,5333.96,1.86581,255.92,0.01989,0.147067
0.603126,-0.163811,0.183211,5315.62,1.81378,18.3398,0.0520301,0.142679
0.606251,-0.162279,0.176816,5450.38,1.82563,134.76,0.01185,0.183928
0.609376,-0.15495,0.165045,5467.32,1.84296,16.9399,0.0173301,0.154045
0.612501,-0.165359,0.179917,5426.42,1.82384,40.8999,0.01912,0.162325
0.615626,-0.170253,0.185535,5507.55,1.84616,81.1299,0.02232,0.150595
0.618751,-0.101527,0.102061,4998.35,2.19573,509.2,0.34957,0.958852
0.621876,-0.121905,0.12455,5344.53,2.06378,346.18,0.13195,0.282857
0.625001,-0.115898,0.116372,5368.77,1.96519,24.2402,0.09859,0.202909
0.628126,-0.111064,0.109523,5389.85,1.88039,21.0801,0.0848,0.163186
0.631251,-0.111068,0.108836,5394.09,1.8044,4.23975,0.0759901,0.173275
0.634376,-0.101829,0.0971741,5308.67,1.70432,85.4199,0.10008,0.164773
0.637501,-0.13984,0.147259,5557.34,1.64985,248.67,0.0544699,0.174704
0.640626,-0.141566,0.150024,5519.04,1.56756,38.2998,0.0822901,0.169827
0.643751,-0.135954,0.139869,5495.25,1.47259,23.79,0.09497,0.174136
0.646876,-0.162203,0.17318,5659.39,1.36092,164.14,0.11167,0.170219
0.650001,-0.190717,0.209064,5847.59,1.31801,188.2,0.04291,0.163416
0.653126,-0.202441,0.224572,5872.52,1.24806,24.9302,0.06995,0.180505
0.656251,-0.230201,0.261051,6049.04,1.21744,176.52,0.03062,0.174476
0.659376,-0.219154,0.247518,5998.57,1.15311,50.4702,0.06433,0.16357
0.662501,-0.200277,0.223469,5915.02,1.07141,83.5498,0.0817001,0.171417
0.665626,-0.194863,0.217657,5906.52,1.00358,8.5,0.06783,0.157465
0.668751,-0.20632,0.231756,6066.45,0.947342,159.93,0.056238,0.189684
0.671876,-0.22363,0.253027,6289.71,0.881028,223.26,0.066314,0.156297
0.675001,-0.180794,0.200437,5579.27,1.13655,710.44,0.255522,0.954055
0.678126,-0.180753,0.208295,5358.34,0.335235,220.93,0.801315,1.1848
0.681251,-0.178555,0.208572,5392.23,0.060932,33.8901,0.274303,0.876947
0.684376,-0.193427,0.22214,5861.71,0.0454726,469.48,0.0154594,0.365182
0.687501,-0.187245,0.214072,5808.89,0.0374101,52.8198,0.0080625,0.104825
0.690627,-0.191786,0.218426,5873.28,0.0102048,64.3896,0.0272053,0.103879
0.693752,-0.193962,0.220525,5887.83,-0.0372835,14.5503,0.0474883,0.121222
0.696877,-0.196895,0.225928,5901.85,-0.111093,14.02,0.0738095,0.128691
0.700002,-0.19658,0.22596,5914.35,-0.168741,12.5,0.057648,0.125182
0.703127,-0.220534,0.256338,6090.85,-0.243771,176.5,0.07503,0.130463
0.706252,-0.223021,0.258295,6102.95,-0.312801,12.1001,0.06903,0.130696
0.709377,-0.220917,0.255827,6083.99,-0.377098,18.96,0.064297,0.133696
0.712502,-0.229442,0.265651,6144.43,-0.440195,60.4399,0.063097,0.159588
0.715627,-0.229858,0.266413,6147.41,-0.497715,2.97998,0.05752,0.143688
0.718752,-0.209119,0.241068,5984.19,-0.585564,163.22,0.087849,0.16128
0.721877,-0.179189,0.203476,5750.94,-0.676402,233.25,0.090838,0.139378
0.725002,-0.181855,0.206288,5771.23,-0.7383,20.29,0.0618981,0.114244
0.728127,-0.174975,0.198478,5726.62,-0.719434,44.6099,0.018866,0.0882516
0.731252,-0.158891,0.178474,5595.18,-0.719129,131.44,0.000304997,0.0762715
0.734377,-0.170862,0.193771,5702.53,-0.709291,107.35,0.00983804,0.0947617
0.737502,-0.162272,0.184036,5595.03,-0.718398,107.5,0.00910699,0.063745
0.740627,-0.160294,0.182274,5571.34,-0.714486,23.6899,0.00391197,0.0681057
0.743752,-0.154889,0.173535,5513.81,-0.699744,57.5298,0.014742,0.0798319
0.746877,-0.156936,0.177408,5508.59,-0.676461,5.22021,0.023283,0.0702651
0.750002,-0.15365,0.173946,5453.95,-0.672432,54.6396,0.00402898,0.0809318
0.753127,-0.150916,0.170189,5434.66,-0.671773,19.29,0.000658989,0.0723921
0.756252,-0.1389,0.155317,5341.8,-0.66735,92.8604,0.00442302,0.0712275
0.759377,-0.153386,0.173883,5456.66,-0.60765,114.86,0.0597,0.0616906
0.762502,-0.142474,0.159843,5388.08,-0.613726,68.5801,0.00607604,0.0843042
0.765627,-0.153818,0.172952,5491.13,-0.610915,103.05,0.00281101,0.0652877
0.768752,-0.166663,0.188913,5606.25,-0.60453,115.12,0.00638503,0.082624
0.771877,-0.166022,0.18771,5617.84,-0.626859,11.5898,0.022329,0.0915549
0.775002,-0.175019,0.199463,5700.55,-0.619762,82.71,0.00709701,0.0667733
0.778127,-0.179545,0.205191,5760.61,-0.608984,60.0601,0.010778,0.058436
0.781252,-0.183472,0.209509,5782.2,-0.602436,21.5903,0.00654799,0.0710755
0.784377,-0.179953,0.20533,5777.71,-0.610012,4.49023,0.00757599,0.0860231
0.787502,-0.188093,0.214973,5823.63,-0.59543,45.9199,0.014582,0.059293
0.790627,-0.189925,0.216741,5845.92,-0.599351,22.29,0.00392097,0.0693286
0.793752,-0.191575,0.217856,5875.82,-0.60429,29.8999,0.00493902,0.0728115
0.796877,-0.20925,0.239661,6016.44,-0.620945,140.62,0.016655,0.0797742
0.800002,-0.239261,0.276697,6251.11,-0.644368,234.67,0.023423,0.0714156
0.803127,-0.249154,0.287927,6391.73,-0.645814,140.62,0.00144601,0.0720384
0.806252,-0.261316,0.302722,6500.89,-0.641126,109.16,0.00468802,0.0680783
0.809377,-0.255741,0.296589,6475.43,-0.637087,25.46,0.00403899,0.0657448
0.812502,-0.254836,0.295481,6497.62,-0.639993,22.1899,0.00290602,0.0656044
0.815627,-0.242313,0.280544,6423.97,-0.650524,73.6499,0.010531,0.0742822
0.818752,-0.233319,0.268719,6359.81,-0.660206,64.1602,0.009682,0.0669624
0.821877,-0.230078,0.264418,6347.76,-0.676254,12.0503,0.016048,0.0550627
0.825002,-0.237382,0.273431,6414.21,-0.661565,66.4502,0.014689,0.0514674
0.828127,-0.223221,0.255528,6327.28,-0.677033,86.9302,0.015468,0.0648254
0.831252,-0.219501,0.250793,6310.98,-0.682254,16.2998,0.00522101,0.0602749
0.834377,-0.220348,0.253004,6307.94,-0.644937,3.04004,0.037317,0.0516012
0.837502,-0.212149,0.241522,6238.17,-0.6232,69.77,0.021737,0.0677672
0.840627,-0.198471,0.225465,6141.84,-0.598407,96.3301,0.024793,0.0607625
0.843752,-0.188541,0.212936,6070.02,-0.593248,71.8198,0.00515896,0.0653909
0.846877,-0.157804,0.173112,5865.42,-0.572223,204.6,0.021025,0.0510532
0.850002,-0.152632,0.167776,5824.73,-0.585429,40.6899,0.013206,0.0642126
0.853127,-0.142066,0.153754,5750.27,-0.563595,74.46,0.021834,0.0645329
0.856252,-0.139794,0.150692,5729.99,-0.552438,20.2798,0.011157,0.059191
0.859377,-0.149138,0.1608,5807.77,-0.535065,77.7798,0.017373,0.0628806
0.862502,-0.162401,0.177585,5899.0,-0.520785,91.23,0.01428,0.0606462
0.865627,-0.157464,0.170914,5867.16,-0.468084,31.8398,0.052701,0.0617318
0.868752,-0.164388,0.179932,5901.24,-0.477901,34.0801,0.009817,0.0735295
0.871877,-0.158149,0.170862,5877.25,-0.439027,23.9902,0.038874,0.0670097
0.875002,-0.157363,0.168651,5877.58,-0.450442,0.330078,0.011415,0.0838523
0.878127,-0.173878,0.189984,5996.31,-0.408374,118.73,0.042068,0.0657084
0.881252,-0.191987,0.214057,6123.27,-0.403934,126.96,0.00444001,0.0718808
0.884377,-0.183857,0.200748,6091.74,-0.375102,31.5298,0.028832,0.0763912
0.887502,-0.190268,0.209278,6111.18,-0.392728,19.4399,0.017626,0.0956218
0.890627,-0.191495,0.211332,6128.51,-0.399812,17.3296,0.00708401,0.0701624
0.893752,-0.180534,0.197406,6049.95,-0.380418,78.5596,0.019394,0.087955
0.896877,-0.176003,0.190351,6025.11,-0.388509,24.8403,0.008091,0.091463
0.900002,-0.192264,0.209906,6144.21,-0.355854,119.1,0.032655,0.0738419
0.903127,-0.197492,0.218634,6170.99,-0.402345,26.7803,0.046491,0.0732178
0.906252,-0.202896,0.225441,6186.35,-0.397812,15.3599,0.00453299,0.095778
0.909377,-0.23376,0.265072,6377.59,-0.420274,191.24,0.022462,0.0789124
0.912502,-0.240922,0.273857,6411.43,-0.424638,33.8403,0.00436401,0.0721125
0.915627,-0.229807,0.254191,6496.89,-0.456586,85.46,0.031948,0.108398
0.918752,-0.233048,0.258843,6508.32,-0.439712,11.4297,0.016874,0.067142
0.921877,-0.256789,0.290371,6635.18,-0.4737,126.86,0.033988,0.11272
0.925002,-0.210293,0.231508,6347.72,-0.453439,287.46,0.020261,0.0779412
0.928127,-0.207105,0.227386,6324.88,-0.460697,22.8403,0.007258,0.136
0.931252,-0.208249,0.227838,6334.21,-0.465352,9.33008,0.004655,0.107534
0.934377,-0.198768,0.216243,6228.18,-0.480689,106.03,0.015337,0.106141
0.937502,-0.170574,0.179832,5975.48,-0.533791,252.7,0.053102,0.144034
0.940627,-0.159469,0.166545,5878.67,-0.524035,96.8101,0.00975603,0.0886729
0.943752,-0.143319,0.146323,5777.57,-0.549321,101.1,0.025286,0.118239
0.946877,-0.157166,0.164091,5904.45,-0.543018,126.88,0.00630301,0.120124
0.950002,-0.168259,0.177242,5982.2,-0.534266,77.75,0.00875199,0.10723
0.953128,-0.158768,0.16908,5685.9,-0.496635,296.3,0.037631,0.124563
0.956253,-0.169816,0.18351,5721.13,-0.485804,35.23,0.010831,0.0819462
0.959378,-0.15026,0.157871,5500.01,-0.511665,221.12,0.025861,0.170015
0.962503,-0.155818,0.17545,5277.94,-0.0996194,222.07,0.412046,0.958845
0.965628,-0.149352,0.175006,4958.01,-0.0928675,319.93,0.0067519,0.335938
0.968753,-0.147204,0.173017,4845.47,-0.14743,112.54,0.0545625,0.0871485
0.971878,-0.142979,0.170691,4606.92,-0.207229,238.55,0.059799,0.117472
0.975003,-0.136695,0.162369,4475.94,-0.280966,130.98,0.073737,0.050148
0.978128,-0.118296,0.138828,4217.51,-0.374246,258.43,0.09328,0.0582354
0.981253,-0.131304,0.152335,4452.78,-0.445051,235.27,0.070805,0.0929076
0.984378,-0.124576,0.142686,4431.99,-0.531216,20.7896,0.086165,0.0800823
0.987503,-0.133867,0.153351,4542.45,-0.642207,110.46,0.110991,0.0632702
0.990628,-0.133242,0.150166,4528.46,-0.824907,13.9902,0.1827,0.101427
0.993753,-0.147217,0.162216,4841.0,-0.941104,312.54,0.116197,0.114676
0.996878,-0.174729,0.195843,5181.02,-1.00439,340.02,0.063286,0.0769165
1.0,-0.197603,0.222635,5512.35,-1.05298,331.33,0.0485899,0.0971635
1.00313,-0.206771,0.232371,5684.73,-1.05415,172.38,0.00117004,0.065251
1.00625,-0.224756,0.254102,5925.21,-1.09772,240.48,0.04357,0.0911476
1.00938,-0.223155,0.250593,6000.79,-1.07686,75.5801,0.0208601,0.0564903
1.0125,-0.236862,0.267277,6191.27,-1.06558,190.48,0.0112799,0.0548874
1.01563,-0.257448,0.292445,6437.16,-1.04406,245.89,0.02152,0.0583315
1.01875,-0.26168,0.297109,6540.2,-1.03037,103.04,0.01369,0.0407092
1.02188,-0.256354,0.289837,6577.4,-0.996337,37.1997,0.034033,0.0500269
1.025,-0.252527,0.285613,6591.77,-0.952665,14.3701,0.043672,0.0540248
1.02813,-0.25573,0.290191,6601.27,-0.960376,9.5,0.00771105,0.0530479
1.03125,-0.252835,0.288871,6569.52,-0.939564,31.75,0.020812,0.0552253
1.03438,-0.250731,0.286762,6567.69,-0.936945,1.83008,0.00261897,0.0505871
1.0375,-0.241067,0.274198,6511.3,-0.922372,56.3901,0.014573,0.051853
1.04063,-0.234312,0.264607,6513.54,-0.916304,2.24023,0.00606799,0.0521175
1.04375,-0.233998,0.263781,6589.08,-0.910764,75.54,0.00554001,0.0614473
1.04688,-0.223607,0.251794,6512.6,-0.886873,76.48,0.023891,0.051984
1.05,-0.229189,0.258401,6545.29,-0.853696,32.6899,0.033177,0.0667727
1.05313,-0.226271,0.255334,6514.45,-0.853759,30.8398,6.30021e-05,0.0598968
1.05625,-0.230282,0.262018,6519.55,-0.854499,5.09961,0.000739992,0.0519794
1.05938,-0.230983,0.262733,6522.33,-0.8581,2.78027,0.00360101,0.0626013
1.0625,-0.213891,0.243339,6371.78,-0.844192,150.55,0.013908,0.0563869
1.06563,-0.213587,0.244012,6366.87,-0.854077,4.90967,0.00988495,0.0712665
1.06875,-0.207235,0.236508,6333.99,-0.861367,32.8799,0.00729001,0.0728681
1.07188,-0.189949,0.214908,6195.94,-0.835503,138.05,0.025864,0.059168
1.075,-0.173236,0.194018,6085.52,-0.841182,110.42,0.00567901,0.0730776
1.07813,-0.170731,0.190185,6092.64,-0.848159,7.12012,0.00697702,0.070246
1.08125,-0.165679,0.181565,6102.85,-0.846919,10.21,0.00124002,0.0745047
1.08438,-0.183092,0.204007,6240.16,-0.871849,137.31,0.02493,0.0737427
1.0875,-0.178234,0.19592,6242.89,-0.875527,2.72998,0.00367802,0.0665617
1.09063,-0.155612,0.164848,6128.35,-0.874208,114.54,0.00131905,0.0737729
1.09375,-0.162608,0.172774,6224.04,-0.874958,95.6899,0.000750005,0.0646347
1.09688,-0.179025,0.191008,6354.23,-0.861794,130.19,0.013164,0.0869887
1.1,-0.200839,0.218462,6466.2,-0.877884,111.97,0.01609,0.0768691
1.10313,-0.178511,0.190568,6300.75,-0.860902,165.45,0.016982,0.0721313
1.10625,-0.184226,0.198848,6315.54,-0.859601,14.79,0.00130099,0.0714186
1.10938,-0.171893,0.181916,6226.26,-0.845888,89.2803,0.013713,0.0719261
1.1125,-0.16364,0.17217,6157.09,-0.876703,69.1699,0.030815,0.0434458
1.11563,-0.160624,0.168432,6131.06,-0.8847,26.0298,0.00799698,0.0215138
1.11875,-0.158334,0.165353,6127.37,-0.89266,3.68994,0.00796002,0.0233279
1.12188,-0.157573,0.163756,6159.01,-0.895809,31.6396,0.00314897,0.0221179
1.125,-0.156891,0.162265,6192.29,-0.896894,33.2803,0.00108498,0.0248391
1.12813,-0.156132,0.160836,6209.66,-0.897119,17.3701,0.000225008,0.023794
1.13125,-0.155264,0.159377,6214.38,-0.898158,4.71973,0.00103903,0.0238508
1.13438,-0.155563,0.159398,6224.23,-0.894235,9.8501,0.003923,0.0250386
1.1375,-0.156368,0.16008,6231.51,-0.889168,7.27979,0.00506699,0.0267293
1.14063,-0.156399,0.159839,6228.02,-0.881932,3.48975,0.007236,0.0247378
1.14375,-0.156249,0.159477,6234.65,-0.872781,6.62988,0.00915104,0.024337
1.14688,-0.156566,0.159391,6253.5,-0.864065,18.8501,0.00871599,0.025023
1.15,-0.156903,0.159376,6273.36,-0.85994,19.8599,0.004125,0.0230447
1.15313,-0.15742,0.159782,6297.87,-0.857013,24.5103,0.00292701,0.0229056
1.15625,-0.157243,0.159517,6307.89,-0.859417,10.02,0.00240403,0.0210986
1.15938,-0.157271,0.159529,6315.89,-0.861843,8.0,0.00242597,0.0181795
1.1625,-0.15697,0.159063,6316.67,-0.868414,0.779785,0.00657099,0.0181316
1.16563,-0.156846,0.158779,6320.25,-0.874984,3.58008,0.00657004,0.0168083
1.16875,-0.156358,0.158012,6316.78,-0.885051,3.47021,0.010067,0.0166597
1.17188,-0.156299,0.157687,6317.78,-0.893523,1.0,0.00847197,0.0155513
1.175,-0.155019,0.155796,6313.7,-0.915473,4.07959,0.02195,0.0191704
1.17812,-0.157151,0.157618,6382.42,-0.926498,68.7197,0.011025,0.0184292
1.18125,-0.156495,0.156327,6383.66,-0.937415,1.24023,0.010917,0.0162613
1.18437,-0.154066,0.15271,6366.66,-0.957986,17.0,0.020571,0.0180734
1.1875,-0.156036,0.154783,6385.53,-0.972111,18.8696,0.014125,0.017374
1.19062,-0.159276,0.158598,6405.22,-0.986767,19.6904,0.014656,0.0160553
1.19375,-0.162147,0.161811,6432.67,-0.996064,27.4497,0.00929701,0.0144935
1.19687,-0.16419,0.163935,6455.77,-1.00482,23.1001,0.00875598,0.0141424
1.2,-0.165377,0.165126,6469.91,-1.01684,14.1401,0.01202,0.0142978
1.20312,-0.16658,0.166402,6486.44,-1.02678,16.5298,0.00994003,0.0133154
1.20625,-0.167914,0.167874,6506.75,-1.03544,20.3101,0.00865996,0.0133277
1.20937,-0.16889,0.168975,6521.92,-1.04543,15.1699,0.00998998,0.01308
1.2125,-0.169507,0.169707,6533.13,-1.05511,11.21,0.00968003,0.0124481
1.21562,-0.170407,0.170735,6545.91,-1.06247,12.7803,0.00735998,0.0116119
1.21875,-0.171043,0.17148,6555.06,-1.06983,9.1499,0.00735998,0.012008
1.22187,-0.171836,0.17241,6565.73,-1.07556,10.6699,0.00573003,0.0116235
1.225,-0.171982,0.172632,6569.01,-1.08163,3.27979,0.00607002,0.0121706
1.22812,-0.172486,0.173255,6573.8,-1.08654,4.79004,0.00490999,0.0111412
1.23125,-0.172712,0.173579,6575.19,-1.08727,1.39014,0.000730038,0.0125276
1.23437,-0.172841,0.173828,6572.89,-1.08829,2.2998,0.00101995,0.0120889
1.2375,-0.173068,0.17426,6567.34,-1.08421,5.55029,0.00407994,0.0145982
1.24062,-0.173159,0.174593,6558.05,-1.07705,9.29004,0.00716007,0.0187635
1.24375,-0.174309,0.175878,6574.59,-1.06454,16.54,0.0125099,0.0249568
1.24687,-0.176609,0.178579,6621.25,-1.02871,46.6602,0.03583,0.0424387
1.25,-0.180433,0.184404,6666.74,-0.946823,45.4902,0.081887,0.0784806
1.25312,-0.184769,0.194158,6670.28,-0.762895,3.53955,0.183928,0.181388
1.25625,-0.183784,0.198743,6555.69,-0.468804,114.59,0.294091,0.275941
1.25937,-0.151032,0.165911,6111.0,-0.228885,444.69,0.239919,0.311626
1.2625,-0.150743,0.168998,5929.83,-0.141237,181.17,0.087648,0.161402
1.26562,-0.155223,0.176549,5894.83,-0.127852,35.0,0.013385,0.078866
1.26875,-0.157535,0.179786,5898.71,-0.121772,3.87988,0.00607999,0.0280854
1.27187,-0.158829,0.181708,5897.56,-0.121307,1.1499,0.000464998,0.0173583
1.275,-0.159795,0.183119,5900.11,-0.124918,2.5498,0.003611,0.0142395
1.27812,-0.160347,0.183805,5902.52,-0.132182,2.41016,0.007264,0.0148837
1.28125,-0.161153,0.184716,5910.99,-0.141196,8.47021,0.009014,0.0158178
1.28437,-0.162028,0.185858,5935.75,-0.154573,24.7598,0.013377,0.0183049
1.2875,-0.162931,0.1868,5945.64,-0.172094,9.89014,0.017521,0.0199823
1.29062,-0.163841,0.187729,5954.94,-0.185421,9.2998,0.013327,0.0181194
1.29375,-0.164794,0.18872,5977.47,-0.197649,22.5303,0.012228,0.019728
1.29687,-0.165763,0.189711,5996.74,-0.208255,19.27,0.010606,0.0183121
1.3,-0.166529,0.190352,6011.84,-0.220095,15.0996,0.01184,0.0192163
1.30312,-0.167268,0.190978,6018.49,-0.231903,6.65039,0.011808,0.0182325
1.30625,-0.167961,0.191505,6027.83,-0.245388,9.33984,0.013485,0.0199797
1.30937,-0.168469,0.191865,6029.26,-0.259172,1.42969,0.013784,0.0195565
1.3125,-0.169271,0.192599,6038.22,-0.27026,8.96045,0.011088,0.0200155
1.31562,-0.169686,0.192831,6046.05,-0.282193,7.82959,0.011933,0.0199525
1.31875,-0.169753,0.192545,6054.02,-0.294566,7.97021,0.012373,0.0217612
1.32187,-0.169528,0.191941,6055.84,-0.305275,1.81982,0.010709,0.0187286
1.325,-0.169745,0.191841,6064.4,-0.318525,8.56006,0.01325,0.0204202
1.32812,-0.170494,0.192343,6086.52,-0.332211,22.1201,0.013686,0.020671
1.33125,-0.171762,0.193479,6123.42,-0.34407,36.8999,0.011859,0.019666
1.33437,-0.173527,0.195102,6175.21,-0.356911,51.79,0.012841,0.0216286
1.3375,-0.175811,0.197207,6233.98,-0.369841,58.77,0.01293,0.021298
1.34062,-0.178877,0.20012,6304.89,-0.380395,70.9102,0.010554,0.0205428
1.34375,-0.183351,0.204507,6396.73,-0.391531,91.8398,0.011136,0.0207639
1.34687,-0.189003,0.210311,6505.06,-0.399798,108.33,0.00826702,0.0213759
1.35,-0.194647,0.216219,6617.67,-0.399669,112.61,0.000129014,0.021894
1.35312,-0.198643,0.220702,6685.13,-0.399133,67.46,0.000535995,0.0220086
1.35625,-0.201176,0.223491,6716.68,-0.403057,31.5503,0.00392401,0.0189695
1.35937,-0.204845,0.22764,6751.5,-0.413849,34.8198,0.010792,0.021543
1.3625,-0.207229,0.230326,6760.18,-0.422319,8.68018,0.00847,0.0199961
1.36562,-0.208173,0.231417,6739.38,-0.42838,20.8003,0.00606102,0.0240359
1.36875,-0.212249,0.235893,6785.31,-0.431017,45.9302,0.002637,0.0221882
1.37187,-0.217113,0.241284,6841.42,-0.441178,56.1099,0.010161,0.0240539
1.375,-0.221913,0.246578,6896.95,-0.449866,55.5303,0.008688,0.025425
1.37812,-0.225752,0.250746,6942.33,-0.45898,45.3799,0.009114,0.0247438
1.38125,-0.229467,0.254687,6989.08,-0.470753,46.75,0.011773,0.026382
1.38437,-0.232679,0.257946,7027.25,-0.479213,38.1699,0.00845999,0.0273877
1.3875,-0.239326,0.26537,7081.2,-0.488772,53.9502,0.00955901,0.0264454
1.39062,-0.24544,0.272102,7125.02,-0.500867,43.8198,0.012095,0.0284219
1.39375,-0.250048,0.277171,7154.4,-0.51485,29.3799,0.013983,0.0244818
1.39687,-0.255071,0.282919,7181.51,-0.528332,27.1099,0.013482,0.0258064
1.4,-0.258997,0.287602,7195.54,-0.539018,14.0303,0.010686,0.0232593
1.40312,-0.254191,0.280973,7150.7,-0.546495,44.8398,0.00747705,0.0290336
1.40625,-0.246739,0.271579,7073.67,-0.557227,77.0303,0.010732,0.0239975
1.40937,-0.240012,0.263202,7008.62,-0.565924,65.0498,0.00869697,0.0235064
1.4125,-0.232832,0.253892,6960.7,-0.576098,47.9199,0.010174,0.021241
1.41562,-0.228287,0.247631,6946.33,-0.584793,14.3701,0.00869495,0.0221892
1.41875,-0.226601,0.244599,6947.21,-0.615322,0.879883,0.030529,0.0252119
1.42187,-0.223652,0.241387,6909.3,-0.626699,37.9102,0.011377,0.0191478
1.425,-0.220721,0.238081,6879.56,-0.639583,29.7397,0.012884,0.0201258
1.42812,-0.217801,0.234866,6849.55,-0.64788,30.0103,0.00829703,0.0177574
1.43125,-0.215557,0.232106,6838.03,-0.659869,11.52,0.011989,0.0200524
1.43437,-0.212272,0.228259,6808.36,-0.668902,29.6699,0.00903296,0.0177021
1.4375,-0.211746,0.227871,6793.72,-0.684545,14.6396,0.015643,0.0232487
1.44062,-0.209873,0.225744,6778.92,-0.69568,14.8003,0.011135,0.0168647
1.44375,-0.208124,0.223897,6767.55,-0.706273,11.3701,0.010593,0.0166339
1.44687,-0.206999,0.222886,6763.41,-0.717297,4.13965,0.011024,0.0165588
1.45,-0.205892,0.222009,6759.53,-0.725585,3.88037,0.00828797,0.0155659
1.45312,-0.206048,0.222483,6777.18,-0.731602,17.6504,0.00601703,0.0161937
1.45625,-0.206045,0.222945,6792.48,-0.734524,15.2998,0.002922,0.0167162
1.45937,-0.206218,0.22406,6767.39,-0.723812,25.0898,0.010712,0.0200957
1.4625,-0.208206,0.226852,6760.22,-0.713768,7.16992,0.010044,0.0249783
1.46562,-0.211447,0.230049,6780.59,-0.668146,20.3696,0.045622,0.0682323
1.46875,-0.215155,0.235889,6779.26,-0.552752,1.33008,0.115394,0.160155
1.47187,-0.219026,0.244418,6691.96,-0.409185,87.2998,0.143567,0.326946
1.475,-0.178227,0.204356,5779.17,-0.497886,912.79,0.088701,0.327586
1.47812,-0.174178,0.196859,5928.17,-0.53598,149.0,0.038094,0.163206
1.48125,-0.171327,0.192594,5948.39,-0.555868,20.2202,0.019888,0.0634096
1.48437,-0.168323,0.188074,5940.57,-0.571852,7.82031,0.015984,0.0385439
1.4875,-0.167265,0.186037,5953.96,-0.586807,13.3901,0.014955,0.0364611
1.49062,-0.171967,0.191487,5992.12,-0.587793,38.1602,0.00098598,0.0271848
1.49375,-0.171192,0.190328,5989.09,-0.588958,3.03027,0.00116503,0.00427871
1.496875,-0.171192,0.190328,5989.09,-0.588958,0.0,0.0,0.0
1.5,-0.171192,0.190328,5989.09,-0.588958,0.0,0.0,0.0
1.5031249999999998,-0.171192,0.190328,5989.09,-0.588958,0.0,0.0,0.0
1.50625,-0.171192,0.190328,5989.09,-0.588958,0.0,0.0,0.0
1.509375,-0.171192,0.190328,5989.09,-0.588958,0.0,0.0,0.0
1.5125,-0.171192,0.190328,5989.09,-0.588958,0.0,0.0,0.0
1.515625,-0.171192,0.190328,5989.09,-0.588958,0.0,0.0,0.0
1.5187499999999998,-0.171192,0.190328,5989.09,-0.588958,0.0,0.0,0.0
1.521875,-0.171192,0.190328,5989.09,-0.588958,0.0,0.0,0.0
1.525,-0.171192,0.190328,5989.09,-0.588958,0.0,0.0,0.0
1.528125,-0.171192,0.190328,5989.09,-0.588958,0.0,0.0,0.0
1.53125,-0.171192,0.190328,5989.09,-0.588958,0.0,0.0,0.0
1.5343749999999998,-0.171192,0.190328,5989.09,-0.588958,0.0,0.0,0.0
1.5375,-0.171192,0.190328,5989.09,-0.588958,0.0,0.0,0.0
1.540625,-0.171192,0.190328,5989.09,-0.588958,0.0,0.0,0.0
1.54375,-0.171192,0.190328,5989.09,-0.588958,0.0,0.0,0.0
1.546875,-0.171192,0.190328,5989.09,-0.588958,0.0,0.0,0.0
1.5499999999999998,-0.171192,0.190328,5989.09,-0.588958,0.0,0.0,0.0
1.553125,-0.171192,0.190328,5989.09,-0.588958,0.0,0.0,0.0
1.55625,-0.171192,0.190328,5989.09,-0.588958,0.0,0.0,0.0
1.559375,-0.171192,0.190328,5989.09,-0.588958,0.0,0.0,0.0
1.5625,-0.171192,0.190328,5989.09,-0.588958,0.0,0.0,0.0
1.5656249999999998,-0.171192,0.190328,5989.09,-0.588958,0.0,0.0,0.0
1.56875,-0.171192,0.190328,5989.09,-0.588958,0.0,0.0,0.0
1.571875,-0.171192,0.190328,5989.09,-0.588958,0.0,0.0,0.0
1.575,-0.171192,0.190328,5989.09,-0.588958,0.0,0.0,0.0
1.578125,-0.171192,0.190328,5989.09,-0.588958,0.0,0.0,0.0
1.5812499999999998,-0.171192,0.190328,5989.09,-0.588958,0.0,0.0,0.0
1.584375,-0.171192,0.190328,5989.09,-0.588958,0.0,0.0,0.0
1.5875,-0.171192,0.190328,5989.09,-0.588958,0.0,0.0,0.0
1.590625,-0.171192,0.190328,5989.09,-0.588958,0.0,0.0,0.0
1.59375,-0.171192,0.190328,5989.09,-0.588958,0.0,0.0,0.0
1.5968749999999998,-0.171192,0.190328,5989.09,-0.588958,0.0,0.0,0.0
1.6,-0.171192,0.190328,5989.09,-0.588958,0.0,0.0,0.0
1.603125,-0.171192,0.190328,5989.09,-0.588958,0.0,0.0,0.0
1.60625,-0.171192,0.190328,5989.09,-0.588958,0.0,0.0,0.0
1.609375,-0.171192,0.190328,5989.09,-0.588958,0.0,0.0,0.0
1.6124999999999998,-0.171192,0.190328,5989.09,-0.588958,0.0,0.0,0.0
1.615625,-0.171192,0.190328,5989.09,-0.588958,0.0,0.0,0.0
1.61875,-0.171192,0.190328,5989.09,-0.588958,0.0,0.0,0.0
1.621875,-0.171192,0.190328,5989.09,-0.588958,0.0,0.0,0.0
1.625,-0.171192,0.190328,5989.09,-0.588958,0.0,0.0,0.0
1.6281249999999998,-0.171192,0.190328,5989.09,-0.588958,0.0,0.0,0.0
1.63125,-0.171192,0.190328,5989.09,-0.588958,0.0,0.0,0.0
1.634375,-0.171192,0.190328,5989.09,-0.588958,0.0,0.0,0.0
1.6375,-0.171192,0.190328,5989.09,-0.588958,0.0,0.0,0.0
1.640625,-0.171192,0.190328,5989.09,-0.588958,0.0,0.0,0.0
1.6437499999999998,-0.171192,0.190328,5989.09,-0.588958,0.0,0.0,0.0
1.646875,-0.171192,0.190328,5989.09,-0.588958,0.0,0.0,0.0
1.65,-0.171192,0.190328,5989.09,-0.588958,0.0,0.0,0.0
1.653125,-0.171192,0.190328,5989.09,-0.588958,0.0,0.0,0.0
1.65625,-0.171192,0.190328,5989.09,-0.588958,0.0,0.0,0.0
1.6593749999999998,-0.171192,0.190328,5989.09,-0.588958,0.0,0.0,0.0
1.6625,-0.171192,0.190328,5989.09,-0.588958,0.0,0.0,0.0
1.665625,-0.171192,0.190328,5989.09,-0.588958,0.0,0.0,0.0
1.66875,-0.171192,0.190328,5989.09,-0.588958,0.0,0.0,0.0
1.671875,-0.171192,0.190328,5989.09,-0.588958,0.0,0.0,0.0
1.6749999999999998,-0.171192,0.190328,5989.09,-0.588958,0.0,0.0,0.0
1.678125,-0.171192,0.190328,5989.09,-0.588958,0.0,0.0,0.0
1.68125,-0.171192,0.190328,5989.09,-0.588958,0.0,0.0,0.0
1.684375,-0.171192,0.190328,5989.09,-0.588958,0.0,0.0,0.0
1.6875,-0.171192,0.190328,5989.09,-0.588958,0.0,0.0,0.0
1.6906249999999998,-0.171192,0.190328,5989.09,-0.588958,0.0,0.0,0.0
1.69375,-0.171192,0.190328,5989.09,-0.588958,0.0,0.0,0.0
1.696875,-0.171192,0.190328,5989.09,-0.588958,0.0,0.0,0.0
1.7,-0.171192,0.190328,5989.09,-0.588958,0.0,0.0,0.0
1.703125,-0.171192,0.190328,5989.09,-0.588958,0.0,0.0,0.0
1.7062499999999998,-0.171192,0.190328,5989.09,-0.588958,0.0,0.0,0.0
1.709375,-0.171192,0.190328,5989.09,-0.588958,0.0,0.0,0.0
1.7125,-0.171192,0.190328,5989.09,-0.588958,0.0,0.0,0.0
1.715625,-0.171192,0.190328,5989.09,-0.588958,0.0,0.0,0.0
1.71875,-0.171192,0.190328,5989.09,-0.588958,0.0,0.0,0.0
1.7218749999999998,-0.171192,0.190328,5989.09,-0.588958,0.0,0.0,0.0
1.725,-0.171192,0.190328,5989.09,-0.588958,0.0,0.0,0.0
1.728125,-0.171192,0.190328,5989.09,-0.588958,0.0,0.0,0.0
1.73125,-0.171192,0.190328,5989.09,-0.588958,0.0,0.0,0.0
1.734375,-0.171192,0.190328,5989.09,-0.588958,0.0,0.0,0.0
1.7374999999999998,-0.171192,0.190328,5989.09,-0.588958,0.0,0.0,0.0
1.740625,-0.171192,0.190328,5989.09,-0.588958,0.0,0.0,0.0
1.74375,-0.171192,0.190328,5989.09,-0.588958,0.0,0.0,0.0
1.746875,-0.171192,0.190328,5989.09,-0.588958,0.0,0.0,0.0
1.75,-0.171192,0.190328,5989.09,-0.588958,0.0,0.0,0.0
1.7531249999999998,-0.171192,0.190328,5989.09,-0.588958,0.0,0.0,0.0
1.75625,-0.171192,0.190328,5989.09,-0.588958,0.0,0.0,0.0
1.759375,-0.171192,0.190328,5989.09,-0.588958,0.0,0.0,0.0
1.7625,-0.171192,0.190328,5989.09,-0.588958,0.0,0.0,0.0
1.765625,-0.171192,0.190328,5989.09,-0.588958,0.0,0.0,0.0
1.7687499999999998,-0.171192,0.190328,5989.09,-0.588958,0.0,0.0,0.0
1.771875,-0.171192,0.190328,5989.09,-0.588958,0.0,0.0,0.0
1.775,-0.171192,0.190328,5989.09,-0.588958,0.0,0.0,0.0
1.778125,-0.171192,0.190328,5989.09,-0.588958,0.0,0.0,0.0
1.78125,-0.171192,0.190328,5989.09,-0.588958,0.0,0.0,0.0
1.7843749999999998,-0.171192,0.190328,5989.09,-0.588958,0.0,0.0,0.0
1.7875,-0.171192,0.190328,5989.09,-0.588958,0.0,0.0,0.0
1.790625,-0.171192,0.190328,5989.09,-0.588958,0.0,0.0,0.0
1.79375,-0.171192,0.190328,5989.09,-0.588958,0.0,0.0,0.0
1.796875,-0.171192,0.190328,5989.09,-0.588958,0.0,0.0,0.0
1.7999999999999998,-0.171192,0.190328,5989.09,-0.588958,0.0,0.0,0.0
1.803125,-0.171192,0.190328,5989.09,-0.588958,0.0,0.0,0.0
1.80625,-0.171192,0.190328,5989.09,-0.588958,0.0,0.0,0.0
1.809375,-0.171192,0.190328,5989.09,-0.588958,0.0,0.0,0.0
1.8125,-0.171192,0.190328,5989.09,-0.588958,0.0,0.0,0.0
1.815625,-0.171192,0.190328,5989.09,-0.588958,0.0,0.0,0.0
1.81875,-0.171192,0.190328,5989.09,-0.588958,0.0,0.0,0.0
1.821875,-0.171192,0.190328,5989.09,-0.588958,0.0,0.0,0.0
1.825,-0.171192,0.190328,5989.09,-0.588958,0.0,0.0,0.0
1.828125,-0.171192,0.190328,5989.09,-0.588958,0.0,0.0,0.0
1.83125,-0.171192,0.190328,5989.09,-0.588958,0.0,0.0,0.0
1.834375,-0.171192,0.190328,5989.09,-0.588958,0.0,0.0,0.0
1.8375,-0.171192,0.190328,5989.09,-0.588958,0.0,0.0,0.0
1.840625,-0.171192,0.190328,5989.09,-0.588958,0.0,0.0,0.0
1.84375,-0.171192,0.190328,5989.09,-0.588958,0.0,0.0,0.0
1.846875,-0.171192,0.190328,5989.09,-0.588958,0.0,0.0,0.0
1.85,-0.171192,0.190328,5989.09,-0.588958,0.0,0.0,0.0
1.853125,-0.171192,0.190328,5989.09,-0.588958,0.0,0.0,0.0
1.85625,-0.171192,0.190328,5989.09,-0.588958,0.0,0.0,0.0
1.859375,-0.171192,0.190328,5989.09,-0.588958,0.0,0.0,0.0
1.8625,-0.171192,0.190328,5989.09,-0.588958,0.0,0.0,0.0
1.865625,-0.171192,0.190328,5989.09,-0.588958,0.0,0.0,0.0
1.86875,-0.171192,0.190328,5989.09,-0.588958,0.0,0.0,0.0
1.871875,-0.171192,0.190328,5989.09,-0.588958,0.0,0.0,0.0
1.875,-0.171192,0.190328,5989.09,-0.588958,0.0,0.0,0.0
1.878125,-0.171192,0.190328,5989.09,-0.588958,0.0,0.0,0.0
1.88125,-0.171192,0.190328,5989.09,-0.588958,0.0,0.0,0.0
1.884375,-0.171192,0.190328,5989.09,-0.588958,0.0,0.0,0.0
1.8875,-0.171192,0.190328,5989.09,-0.588958,0.0,0.0,0.0
1.890625,-0.171192,0.190328,5989.09,-0.588958,0.0,0.0,0.0
1.89375,-0.171192,0.190328,5989.09,-0.588958,0.0,0.0,0.0
1.896875,-0.171192,0.190328,5989.09,-0.588958,0.0,0.0,0.0
1.9,-0.171192,0.190328,5989.09,-0.588958,0.0,0.0,0.0
1.903125,-0.171192,0.190328,5989.09,-0.588958,0.0,0.0,0.0
1.90625,-0.171192,0.190328,5989.09,-0.588958,0.0,0.0,0.0
1.909375,-0.171192,0.190328,5989.09,-0.588958,0.0,0.0,0.0
1.9125,-0.171192,0.190328,5989.09,-0.588958,0.0,0.0,0.0
1.915625,-0.171192,0.190328,5989.09,-0.588958,0.0,0.0,0.0
1.91875,-0.171192,0.190328,5989.09,-0.588958,0.0,0.0,0.0
1.921875,-0.171192,0.190328,5989.09,-0.588958,0.0,0.0,0.0
1.925,-0.171192,0.190328,5989.09,-0.588958,0.0,0.0,0.0
1.928125,-0.171192,0.190328,5989.09,-0.588958,0.0,0.0,0.0
1.93125,-0.171192,0.190328,5989.09,-0.588958,0.0,0.0,0.0
1.934375,-0.171192,0.190328,5989.09,-0.588958,0.0,0.0,0.0
1.9375,-0.171192,0.190328,5989.09,-0.588958,0.0,0.0,0.0
1.940625,-0.171192,0.190328,5989.09,-0.588958,0.0,0.0,0.0
1.94375,-0.171192,0.190328,5989.09,-0.588958,0.0,0.0,0.0
1.946875,-0.171192,0.190328,5989.09,-0.588958,0.0,0.0,0.0
1.95,-0.171192,0.190328,5989.09,-0.588958,0.0,0.0,0.0
1.953125,-0.171192,0.190328,5989.09,-0.588958,0.0,0.0,0.0
1.95625,-0.171192,0.190328,5989.09,-0.588958,0.0,0.0,0.0
1.959375,-0.171192,0.190328,5989.09,-0.588958,0.0,0.0,0.0
1.9625,-0.171192,0.190328,5989.09,-0.588958,0.0,0.0,0.0
1.965625,-0.171192,0.190328,5989.09,-0.588958,0.0,0.0,0.0
1.96875,-0.171192,0.190328,5989.09,-0.588958,0.0,0.0,0.0
1.971875,-0.171192,0.190328,5989.09,-0.588958,0.0,0.0,0.0
1.975,-0.171192,0.190328,5989.09,-0.588958,0.0,0.0,0.0
1.978125,-0.171192,0.190328,5989.09,-0.588958,0.0,0.0,0.0
1.98125,-0.171192,0.190328,5989.09,-0.588958,0.0,0.0,0.0
1.984375,-0.171192,0.190328,5989.09,-0.588958,0.0,0.0,0.0
1.9875,-0.171192,0.190328,5989.09,-0.588958,0.0,0.0,0.0
1.990625,-0.171192,0.190328,5989.09,-0.588958,0.0,0.0,0.0
1.99375,-0.171192,0.190328,5989.09,-0.588958,0.0,0.0,0.0
1.996875,-0.171192,0.190328,5989.09,-0.588958,0.0,0.0,0.0
2.0,-0.171192,0.190328,5989.09,-0.588958,0.0,0.0,0.0
2.003125,-0.171192,0.190328,5989.09,-0.588958,0.0,0.0,0.0
2.00625,-0.171192,0.190328,5989.09,-0.588958,0.0,0.0,0.0
2.009375,-0.171192,0.190328,5989.09,-0.588958,0.0,0.0,0.0
2.0125,-0.171192,0.190328,5989.09,-0.588958,0.0,0.0,0.0
2.015625,-0.171192,0.190328,5989.09,-0.588958,0.0,0.0,0.0
2.01875,-0.171192,0.190328,5989.09,-0.588958,0.0,0.0,0.0
2.021875,-0.171192,0.190328,5989.09,-0.588958,0.0,0.0,0.0
2.025,-0.171192,0.190328,5989.09,-0.588958,0.0,0.0,0.0
2.028125,-0.171192,0.190328,5989.09,-0.588958,0.0,0.0,0.0
2.03125,-0.171192,0.190328,5989.09,-0.588958,0.0,0.0,0.0
2.034375,-0.171192,0.190328,5989.09,-0.588958,0.0,0.0,0.0
2.0375,-0.171192,0.190328,5989.09,-0.588958,0.0,0.0,0.0
2.040625,-0.171192,0.190328,5989.09,-0.588958,0.0,0.0,0.0
2.04375,-0.171192,0.190328,5989.09,-0.588958,0.0,0.0,0.0
2.046875,-0.171192,0.190328,5989.09,-0.588958,0.0,0.0,0.0
2.05,-0.171192,0.190328,5989.09,-0.588958,0.0,0.0,0.0
2.053125,-0.171192,0.190328,5989.09,-0.588958,0.0,0.0,0.0
2.05625,-0.171192,0.190328,5989.09,-0.588958,0.0,0.0,0.0
2.059375,-0.171192,0.190328,5989.09,-0.588958,0.0,0.0,0.0
2.0625,-0.171192,0.190328,5989.09,-0.588958,0.0,0.0,0.0
2.065625,-0.171192,0.190328,5989.09,-0.588958,0.0,0.0,0.0
2.06875,-0.171192,0.190328,5989.09,-0.588958,0.0,0.0,0.0
2.071875,-0.171192,0.190328,5989.09,-0.588958,0.0,0.0,0.0
2.075,-0.171192,0.190328,5989.09,-0.588958,0.0,0.0,0.0
2.078125,-0.171192,0.190328,5989.09,-0.588958,0.0,0.0,0.0
2.08125,-0.171192,0.190328,5989.09,-0.588958,0.0,0.0,0.0
2.084375,-0.171192,0.190328,5989.09,-0.588958,0.0,0.0,0.0
2.0875,-0.171192,0.190328,5989.09,-0.588958,0.0,0.0,0.0
2.090625,-0.171192,0.190328,5989.09,-0.588958,0.0,0.0,0.0
2.09375,-0.171192,0.190328,5989.09,-0.588958,0.0,0.0,0.0
2.096875,-0.171192,0.190328,5989.09,-0.588958,0.0,0.0,0.0
2.1,-0.171192,0.190328,5989.09,-0.588958,0.0,0.0,0.0
2.103125,-0.171192,0.190328,5989.09,-0.588958,0.0,0.0,0.0
2.10625,-0.171192,0.190328,5989.09,-0.588958,0.0,0.0,0.0
2.109375,-0.171192,0.190328,5989.09,-0.588958,0.0,0.0,0.0
2.1125,-0.171192,0.190328,5989.09,-0.588958,0.0,0.0,0.0
2.115625,-0.171192,0.190328,5989.09,-0.588958,0.0,0.0,0.0
2.11875,-0.171192,0.190328,5989.09,-0.588958,0.0,0.0,0.0
2.121875,-0.171192,0.190328,5989.09,-0.588958,0.0,0.0,0.0
2.125,-0.171192,0.190328,5989.09,-0.588958,0.0,0.0,0.0
2.128125,-0.171192,0.190328,5989.09,-0.588958,0.0,0.0,0.0
2.13125,-0.171192,0.190328,5989.09,-0.588958,0.0,0.0,0.0
2.134375,-0.171192,0.190328,5989.09,-0.588958,0.0,0.0,0.0
2.1375,-0.171192,0.190328,5989.09,-0.588958,0.0,0.0,0.0
2.140625,-0.171192,0.190328,5989.09,-0.588958,0.0,0.0,0.0
2.14375,-0.171192,0.190328,5989.09,-0.588958,0.0,0.0,0.0
2.146875,-0.171192,0.190328,5989.09,-0.588958,0.0,0.0,0.0
2.15,-0.171192,0.190328,5989.09,-0.588958,0.0,0.0,0.0
2.153125,-0.171192,0.190328,5989.09,-0.588958,0.0,0.0,0.0
2.15625,-0.171192,0.190328,5989.09,-0.588958,0.0,0.0,0.0
2.159375,-0.171192,0.190328,5989.09,-0.588958,0.0,0.0,0.0
2.1625,-0.171192,0.190328,5989.09,-0.588958,0.0,0.0,0.0
2.165625,-0.171192,0.190328,5989.09,-0.588958,0.0,0.0,0.0
2.16875,-0.171192,0.190328,5989.09,-0.588958,0.0,0.0,0.0
2.171875,-0.171192,0.190328,5989.09,-0.588958,0.0,0.0,0.0
2.175,-0.171192,0.190328,5989.09,-0.588958,0.0,0.0,0.0
2.178125,-0.171192,0.190328,5989.09,-0.588958,0.0,0.0,0.0
2.18125,-0.171192,0.190328,5989.09,-0.588958,0.0,0.0,0.0
2.184375,-0.171192,0.190328,5989.09,-0.588958,0.0,0.0,0.0
2.1875,-0.171192,0.190328,5989.09,-0.588958,0.0,0.0,0.0
2.190625,-0.171192,0.190328,5989.09,-0.588958,0.0,0.0,0.0
2.19375,-0.171192,0.190328,5989.09,-0.588958,0.0,0.0,0.0
2.196875,-0.171192,0.190328,5989.09,-0.588958,0.0,0.0,0.0
2.2,-0.171192,0.190328,5989.09,-0.588958,0.0,0.0,0.0
2.203125,-0.171192,0.190328,5989.09,-0.588958,0.0,0.0,0.0
2.20625,-0.171192,0.190328,5989.09,-0.588958,0.0,0.0,0.0
2.209375,-0.171192,0.190328,5989.09,-0.588958,0.0,0.0,0.0
2.2125,-0.171192,0.190328,5989.09,-0.588958,0.0,0.0,0.0
2.215625,-0.171192,0.190328,5989.09,-0.588958,0.0,0.0,0.0
2.21875,-0.171192,0.190328,5989.09,-0.588958,0.0,0.0,0.0
2.221875,-0.171192,0.190328,5989.09,-0.588958,0.0,0.0,0.0
2.225,-0.171192,0.190328,5989.09,-0.588958,0.0,0.0,0.0
2.228125,-0.171192,0.190328,5989.09,-0.588958,0.0,0.0,0.0
2.23125,-0.171192,0.190328,5989.09,-0.588958,0.0,0.0,0.0
2.234375,-0.171192,0.190328,5989.09,-0.588958,0.0,0.0,0.0
2.2375,-0.171192,0.190328,5989.09,-0.588958,0.0,0.0,0.0
2.240625,-0.171192,0.190328,5989.09,-0.588958,0.0,0.0,0.0
2.24375,-0.171192,0.190328,5989.09,-0.588958,0.0,0.0,0.0
2.246875,-0.171192,0.190328,5989.09,-0.588958,0.0,0.0,0.0
2.25,-0.171192,0.190328,5989.09,-0.588958,0.0,0.0,0.0
2.253125,-0.171192,0.190328,5989.09,-0.588958,0.0,0.0,0.0
2.25625,-0.171192,0.190328,5989.09,-0.588958,0.0,0.0,0.0
2.259375,-0.171192,0.190328,5989.09,-0.588958,0.0,0.0,0.0
2.2625,-0.171192,0.190328,5989.09,-0.588958,0.0,0.0,0.0
2.265625,-0.171192,0.190328,5989.09,-0.588958,0.0,0.0,0.0
2.26875,-0.171192,0.190328,5989.09,-0.588958,0.0,0.0,0.0
2.271875,-0.171192,0.190328,5989.09,-0.588958,0.0,0.0,0.0
2.275,-0.171192,0.190328,5989.09,-0.588958,0.0,0.0,0.0
2.278125,-0.171192,0.190328,5989.09,-0.588958,0.0,0.0,0.0
2.28125,-0.171192,0.190328,5989.09,-0.588958,0.0,0.0,0.0
2.284375,-0.171192,0.190328,5989.09,-0.588958,0.0,0.0,0.0
2.2875,-0.171192,0.190328,5989.09,-0.588958,0.0,0.0,0.0
2.290625,-0.171192,0.190328,5989.09,-0.588958,0.0,0.0,0.0
2.29375,-0.171192,0.190328,5989.09,-0.588958,0.0,0.0,0.0
2.296875,-0.171192,0.190328,5989.09,-0.588958,0.0,0.0,0.0
2.3,-0.171192,0.190328,5989.09,-0.588958,0.0,0.0,0.0
2.303125,-0.171192,0.190328,5989.09,-0.588958,0.0,0.0,0.0
2.30625,-0.171192,0.190328,5989.09,-0.588958,0.0,0.0,0.0
2.309375,-0.171192,0.190328,5989.09,-0.588958,0.0,0.0,0.0
2.3125,-0.171192,0.190328,5989.09,-0.588958,0.0,0.0,0.0
2.315625,-0.171192,0.190328,5989.09,-0.588958,0.0,0.0,0.0
2.31875,-0.171192,0.190328,5989.09,-0.588958,0.0,0.0,0.0
2.321875,-0.171192,0.190328,5989.09,-0.588958,0.0,0.0,0.0
2.325,-0.171192,0.190328,5989.09,-0.588958,0.0,0.0,0.0
2.328125,-0.171192,0.190328,5989.09,-0.588958,0.0,0.0,0.0
2.33125,-0.171192,0.190328,5989.09,-0.588958,0.0,0.0,0.0
2.334375,-0.171192,0.190328,5989.09,-0.588958,0.0,0.0,0.0
2.3375,-0.171192,0.190328,5989.09,-0.588958,0.0,0.0,0.0
2.340625,-0.171192,0.190328,5989.09,-0.588958,0.0,0.0,0.0
2.34375,-0.171192,0.190328,5989.09,-0.588958,0.0,0.0,0.0
2.346875,-0.171192,0.190328,5989.09,-0.588958,0.0,0.0,0.0
2.35,-0.171192,0.190328,5989.09,-0.588958,0.0,0.0,0.0
2.353125,-0.171192,0.190328,5989.09,-0.588958,0.0,0.0,0.0
2.35625,-0.171192,0.190328,5989.09,-0.588958,0.0,0.0,0.0
2.359375,-0.171192,0.190328,5989.09,-0.588958,0.0,0.0,0.0
2.3625,-0.171192,0.190328,5989.09,-0.588958,0.0,0.0,0.0
2.365625,-0.171192,0.190328,5989.09,-0.588958,0.0,0.0,0.0
2.36875,-0.171192,0.190328,5989.09,-0.588958,0.0,0.0,0.0
2.371875,-0.171192,0.190328,5989.09,-0.588958,0.0,0.0,0.0
2.375,-0.171192,0.190328,5989.09,-0.588958,0.0,0.0,0.0
2.378125,-0.171192,0.190328,5989.09,-0.588958,0.0,0.0,0.0
2.38125,-0.171192,0.190328,5989.09,-0.588958,0.0,0.0,0.0
2.384375,-0.171192,0.190328,5989.09,-0.588958,0.0,0.0,0.0
2.3875,-0.171192,0.190328,5989.09,-0.588958,0.0,0.0,0.0
2.390625,-0.171192,0.190328,5989.09,-0.588958,0.0,0.0,0.0
2.39375,-0.171192,0.190328,5989.09,-0.588958,0.0,0.0,0.0
2.396875,-0.171192,0.190328,5989.09,-0.588958,0.0,0.0,0.0
2.4,-0.171192,0.190328,5989.09,-0.588958,0.0,0.0,0.0
2.403125,-0.171192,0.190328,5989.09,-0.588958,0.0,0.0,0.0
2.40625,-0.171192,0.190328,5989.09,-0.588958,0.0,0.0,0.0
2.409375,-0.171192,0.190328,5989.09,-0.588958,0.0,0.0,0.0
2.4125,-0.171192,0.190328,5989.09,-0.588958,0.0,0.0,0.0
2.415625,-0.171192,0.190328,5989.09,-0.588958,0.0,0.0,0.0
2.41875,-0.171192,0.190328,5989.09,-0.588958,0.0,0.0,0.0
2.421875,-0.171192,0.190328,5989.09,-0.588958,0.0,0.0,0.0
2.425,-0.171192,0.190328,5989.09,-0.588958,0.0,0.0,0.0
2.428125,-0.171192,0.190328,5989.09,-0.588958,0.0,0.0,0.0
2.43125,-0.171192,0.190328,5989.09,-0.588958,0.0,0.0,0.0
2.434375,-0.171192,0.190328,5989.09,-0.588958,0.0,0.0,0.0
2.4375,-0.171192,0.190328,5989.09,-0.588958,0.0,0.0,0.0
2.440625,-0.171192,0.190328,5989.09,-0.588958,0.0,0.0,0.0
2.44375,-0.171192,0.190328,5989.09,-0.588958,0.0,0.0,0.0
2.446875,-0.171192,0.190328,5989.09,-0.588958,0.0,0.0,0.0
2.45,-0.171192,0.190328,5989.09,-0.588958,0.0,0.0,0.0
2.453125,-0.171192,0.190328,5989.09,-0.588958,0.0,0.0,0.0
2.45625,-0.171192,0.190328,5989.09,-0.588958,0.0,0.0,0.0
2.459375,-0.171192,0.190328,5989.09,-0.588958,0.0,0.0,0.0
2.4625,-0.171192,0.190328,5989.09,-0.588958,0.0,0.0,0.0
2.465625,-0.171192,0.190328,5989.09,-0.588958,0.0,0.0,0.0
2.46875,-0.171192,0.190328,5989.09,-0.588958,0.0,0.0,0.0
2.471875,-0.171192,0.190328,5989.09,-0.588958,0.0,0.0,0.0
2.475,-0.171192,0.190328,5989.09,-0.588958,0.0,0.0,0.0
2.478125,-0.171192,0.190328,5989.09,-0.588958,0.0,0.0,0.0
2.48125,-0.171192,0.190328,5989.09,-0.588958,0.0,0.0,0.0
2.484375,-0.171192,0.190328,5989.09,-0.588958,0.0,0.0,0.0
2.4875,-0.171192,0.190328,5989.09,-0.588958,0.0,0.0,0.0
2.490625,-0.171192,0.190328,5989.09,-0.588958,0.0,0.0,0.0
2.49375,-0.171192,0.190328,5989.09,-0.588958,0.0,0.0,0.0
2.496875,-0.171192,0.190328,5989.09,-0.588958,0.0,0.0,0.0
2.5,-0.171192,0.190328,5989.09,-0.588958,0.0,0.0,0.0
2.503125,-0.171192,0.190328,5989.09,-0.588958,0.0,0.0,0.0
2.50625,-0.171192,0.190328,5989.09,-0.588958,0.0,0.0,0.0
2.509375,-0.171192,0.190328,5989.09,-0.588958,0.0,0.0,0.0
2.5125,-0.171192,0.190328,5989.09,-0.588958,0.0,0.0,0.0
2.515625,-0.171192,0.190328,5989.09,-0.588958,0.0,0.0,0.0
2.51875,-0.171192,0.190328,5989.09,-0.588958,0.0,0.0,0.0
2.521875,-0.171192,0.190328,5989.09,-0.588958,0.0,0.0,0.0
2.525,-0.171192,0.190328,5989.09,-0.588958,0.0,0.0,0.0
2.528125,-0.171192,0.190328,5989.09,-0.588958,0.0,0.0,0.0
2.53125,-0.171192,0.190328,5989.09,-0.588958,0.0,0.0,0.0
2.534375,-0.171192,0.190328,5989.09,-0.588958,0.0,0.0,0.0
2.5375,-0.171192,0.190328,5989.09,-0.588958,0.0,0.0,0.0
2.540625,-0.171192,0.190328,5989.09,-0.588958,0.0,0.0,0.0
2.54375,-0.171192,0.190328,5989.09,-0.588958,0.0,0.0,0.0
2.546875,-0.171192,0.190328,5989.09,-0.588958,0.0,0.0,0.0
2.55,-0.171192,0.190328,5989.09,-0.588958,0.0,0.0,0.0
2.553125,-0.171192,0.190328,5989.09,-0.588958,0.0,0.0,0.0
2.55625,-0.171192,0.190328,5989.09,-0.588958,0.0,0.0,0.0
2.559375,-0.171192,0.190328,5989.09,-0.588958,0.0,0.0,0.0
2.5625,-0.171192,0.190328,5989.09,-0.588958,0.0,0.0,0.0
2.565625,-0.171192,0.190328,5989.09,-0.588958,0.0,0.0,0.0
2.56875,-0.171192,0.190328,5989.09,-0.588958,0.0,0.0,0.0
2.571875,-0.171192,0.190328,5989.09,-0.588958,0.0,0.0,0.0
2.575,-0.171192,0.190328,5989.09,-0.588958,0.0,0.0,0.0
2.578125,-0.171192,0.190328,5989.09,-0.588958,0.0,0.0,0.0
2.58125,-0.171192,0.190328,5989.09,-0.588958,0.0,0.0,0.0
2.584375,-0.171192,0.190328,5989.09,-0.588958,0.0,0.0,0.0
2.5875,-0.171192,0.190328,5989.09,-0.588958,0.0,0.0,0.0
2.590625,-0.171192,0.190328,5989.09,-0.588958,0.0,0.0,0.0
2.59375,-0.171192,0.190328,5989.09,-0.588958,0.0,0.0,0.0
2.596875,-0.171192,0.190328,5989.09,-0.588958,0.0,0.0,0.0
2.6,-0.171192,0.190328,5989.09,-0.588958,0.0,0.0,0.0
2.603125,-0.171192,0.190328,5989.09,-0.588958,0.0,0.0,0.0
2.60625,-0.171192,0.190328,5989.09,-0.588958,0.0,0.0,0.0
2.609375,-0.171192,0.190328,5989.09,-0.588958,0.0,0.0,0.0
2.6125,-0.171192,0.190328,5989.09,-0.588958,0.0,0.0,0.0
2.615625,-0.171192,0.190328,5989.09,-0.588958,0.0,0.0,0.0
2.61875,-0.171192,0.190328,5989.09,-0.588958,0.0,0.0,0.0
2.621875,-0.171192,0.190328,5989.09,-0.588958,0.0,0.0,0.0
2.625,-0.171192,0.190328,5989.09,-0.588958,0.0,0.0,0.0
2.628125,-0.171192,0.190328,5989.09,-0.588958,0.0,0.0,0.0
2.63125,-0.171192,0.190328,5989.09,-0.588958,0.0,0.0,0.0
2.634375,-0.171192,0.190328,5989.09,-0.588958,0.0,0.0,0.0
2.6375,-0.171192,0.190328,5989.09,-0.588958,0.0,0.0,0.0
2.640625,-0.171192,0.190328,5989.09,-0.588958,0.0,0.0,0.0
2.64375,-0.171192,0.190328,5989.09,-0.588958,0.0,0.0,0.0
2.646875,-0.171192,0.190328,5989.09,-0.588958,0.0,0.0,0.0
2.65,-0.171192,0.190328,5989.09,-0.588958,0.0,0.0,0.0
2.653125,-0.171192,0.190328,5989.09,-0.588958,0.0,0.0,0.0
2.65625,-0.171192,0.190328,5989.09,-0.588958,0.0,0.0,0.0
2.659375,-0.171192,0.190328,5989.09,-0.588958,0.0,0.0,0.0
2.6625,-0.171192,0.190328,5989.09,-0.588958,0.0,0.0,0.0
2.665625,-0.171192,0.190328,5989.09,-0.588958,0.0,0.0,0.0
2.66875,-0.171192,0.190328,5989.09,-0.588958,0.0,0.0,0.0
2.671875,-0.171192,0.190328,5989.09,-0.588958,0.0,0.0,0.0
2.675,-0.171192,0.190328,5989.09,-0.588958,0.0,0.0,0.0
2.678125,-0.171192,0.190328,5989.09,-0.588958,0.0,0.0,0.0
2.68125,-0.171192,0.190328,5989.09,-0.588958,0.0,0.0,0.0
2.684375,-0.171192,0.190328,5989.09,-0.588958,0.0,0.0,0.0
2.6875,-0.171192,0.190328,5989.09,-0.588958,0.0,0.0,0.0
2.690625,-0.171192,0.190328,5989.09,-0.588958,0.0,0.0,0.0
2.69375,-0.171192,0.190328,5989.09,-0.588958,0.0,0.0,0.0
2.696875,-0.171192,0.190328,5989.09,-0.588958,0.0,0.0,0.0
2.7,-0.171192,0.190328,5989.09,-0.588958,0.0,0.0,0.0
2.703125,-0.171192,0.190328,5989.09,-0.588958,0.0,0.0,0.0
2.70625,-0.171192,0.190328,5989.09,-0.588958,0.0,0.0,0.0
2.709375,-0.171192,0.190328,5989.09,-0.588958,0.0,0.0,0.0
2.7125,-0.171192,0.190328,5989.09,-0.588958,0.0,0.0,0.0
2.715625,-0.171192,0.190328,5989.09,-0.588958,0.0,0.0,0.0
2.71875,-0.171192,0.190328,5989.09,-0.588958,0.0,0.0,0.0
2.721875,-0.171192,0.190328,5989.09,-0.588958,0.0,0.0,0.0
2.725,-0.171192,0.190328,5989.09,-0.588958,0.0,0.0,0.0
2.728125,-0.171192,0.190328,5989.09,-0.588958,0.0,0.0,0.0
2.73125,-0.171192,0.190328,5989.09,-0.588958,0.0,0.0,0.0
2.734375,-0.171192,0.190328,5989.09,-0.588958,0.0,0.0,0.0
2.7375,-0.171192,0.190328,5989.09,-0.588958,0.0,0.0,0.0
2.740625,-0.171192,0.190328,5989.09,-0.588958,0.0,0.0,0.0
2.74375,-0.171192,0.190328,5989.09,-0.588958,0.0,0.0,0.0
2.746875,-0.171192,0.190328,5989.09,-0.588958,0.0,0.0,0.0
2.75,-0.171192,0.190328,5989.09,-0.588958,0.0,0.0,0.0
2.753125,-0.171192,0.190328,5989.09,-0.588958,0.0,0.0,0.0
2.75625,-0.171192,0.190328,5989.09,-0.588958,0.0,0.0,0.0
2.759375,-0.171192,0.190328,5989.09,-0.588958,0.0,0.0,0.0
2.7625,-0.171192,0.190328,5989.09,-0.588958,0.0,0.0,0.0
2.765625,-0.171192,0.190328,5989.09,-0.588958,0.0,0.0,0.0
2.76875,-0.171192,0.190328,5989.09,-0.588958,0.0,0.0,0.0
2.771875,-0.171192,0.190328,5989.09,-0.588958,0.0,0.0,0.0
2.775,-0.171192,0.190328,5989.09,-0.588958,0.0,0.0,0.0
2.778125,-0.171192,0.190328,5989.09,-0.588958,0.0,0.0,0.0
2.78125,-0.171192,0.190328,5989.09,-0.588958,0.0,0.0,0.0
2.784375,-0.171192,0.190328,5989.09,-0.588958,0.0,0.0,0.0
2.7875,-0.171192,0.190328,5989.09,-0.588958,0.0,0.0,0.0
2.790625,-0.171192,0.190328,5989.09,-0.588958,0.0,0.0,0.0
2.79375,-0.171192,0.190328,5989.09,-0.588958,0.0,0.0,0.0
2.796875,-0.171192,0.190328,5989.09,-0.588958,0.0,0.0,0.0
2.8,-0.171192,0.190328,5989.09,-0.588958,0.0,0.0,0.0
2.803125,-0.171192,0.190328,5989.09,-0.588958,0.0,0.0,0.0
2.80625,-0.171192,0.190328,5989.09,-0.588958,0.0,0.0,0.0
2.809375,-0.171192,0.190328,5989.09,-0.588958,0.0,0.0,0.0
2.8125,-0.171192,0.190328,5989.09,-0.588958,0.0,0.0,0.0
2.815625,-0.171192,0.190328,5989.09,-0.588958,0.0,0.0,0.0
